{
  "Мючаосю": 470125.69999999995,
  "Пихыяб": 50644.0,
  "Иццэпи": 53224.0,
  "Ютчэкя": 44421.0,
  "Афжаякл": 134680.0,
  "Шебю": 41894.159999999996,
  "Лешуув": 641486.0,
  "Тоявущы": 420387.0,
  "Дэтуреи": 614150.0,
  "Эчпеачл": 1533.33
}